Parent,Child,Sex
65.04851,59.77827,Male
63.25094,63.21404,Male
64.95532,63.34242,Male
65.7525,62.79238,Male
61.13723,64.28113,Male
63.02254,64.24221,Male
65.37053,64.08231,Male
64.72398,63.99574,Male
66.06509,64.61338,Male
66.96738,63.97944,Male
59.008,65.24451,Male
62.93203,65.35102,Male
63.67063,65.67992,Male
64.07386,65.43664,Male
64.68851,65.29391,Male
65.15466,64.79017,Male
66.37353,65.01881,Male
65.57704,65.5464,Male
67.36765,65.08145,Male
66.75929,65.49008,Male
67.79764,65.1352,Male
69.5348,65.51262,Male
62.54014,66.58436,Male
63.81016,66.37842,Male
64.4565,66.14782,Male
64.9665,65.97259,Male
64.70662,65.95887,Male
65.73829,66.45202,Male
65.50141,65.74797,Male
65.55416,65.97164,Male
66.90294,65.90548,Male
66.57388,65.90773,Male
66.53198,66.47103,Male
67.90613,65.75023,Male
68.29198,66.34666,Male
67.74123,66.08577,Male
68.46917,66.28037,Male
69.38327,66.34354,Male
71.81791,66.41711,Male
62.41615,67.22558,Male
64.49083,67.46394,Male
64.4876,66.99362,Male
63.92303,66.76647,Male
65.44592,67.0342,Male
65.02977,66.84316,Male
65.67038,69.2989,Male
68.66078,69.09114,Male
66.54597,61.66358,Male
64.85954,65.7288,Male
69.60692,68.98012,Male
64.8135,67.37397,Male
65.32703,67.17459,Male
65.83169,67.06712,Male
65.83427,67.29446,Male
65.56135,67.62665,Male
65.8688,67.47923,Male
65.77339,66.92162,Male
67.09116,67.58324,Male
66.61374,67.21191,Male
67.41075,66.81629,Male
67.27716,67.242679999999993,Male
66.61134,67.51036,Male
68.17412,67.57026,Male
67.80555,67.17258,Male
68.32529,67.54129,Male
68.07787,67.37113,Male
68.96795,67.59714,Male
68.9255,67.25104,Male
69.60862,66.82533,Male
70.35646,66.72679,Male
70.00643,66.92996,Male
72.75425,67.64847,Male
62.82147,68.04291,Male
62.86855,68.4885,Male
63.91261,68.04777,Male
64.54118,68.34573,Male
64.51906,68.33829,Male
66.02688,68.3138,Male
65.81011,68.18333,Male
66.01812,68.51056,Male
65.53742,68.12014,Male
65.73346,68.31563,Male
66.77424,68.04774,Male
66.67869,68.61273,Male
66.97585,67.9425,Male
66.94021,68.08381,Male
66.84575,68.36754,Male
67.12008,67.85181,Male
67.74181,68.19806,Male
68.27194,68.01897,Male
67.60691,68.23431,Male
68.44737,67.89742,Male
67.65832,68.62409,Male
68.71193,67.97912,Male
69.32025,68.2668,Male
68.7403,67.94192,Male
69.13395,68.62072,Male
69.34995,68.23857,Male
68.6297,68.58554,Male
69.58258,68.06568,Male
70.39517,68.38188,Male
71.19284,67.75943,Male
70.82429,68.59991,Male
71.65367,67.91483,Male
73.28133,67.83861,Male
63.03753,68.77562,Male
63.66428,69.60782,Male
65.38311,69.69143,Male
64.60205,69.41491,Male
66.40661,69.68931,Male
65.76985,69.20775,Male
65.66729,69.45627,Male
66.05712,69.59614,Male
66.54635,69.27994,Male
66.5723,69.52338,Male
66.64876,68.74406,Male
67.71899,69.30987,Male
68.48726,69.22571,Male
67.82769,69.24073,Male
67.55801,69.4912,Male
68.07763,69.11921,Male
69.16715,68.93751,Male
68.693,69.45774,Male
68.61779,69.27599,Male
68.64797,69.22869,Male
68.61666,68.70547,Male
70.36485,69.34638,Male
70.0099,68.87137,Male
70.13984,69.30262,Male
70.2073,69.1579,Male
71.28063,69.62727,Male
70.90445,69.11014,Male
72.19036,69.09596,Male
74.96203,69.03281,Male
64.88218,69.85677,Male
65.55174,70.06274,Male
65.65889,69.89765,Male
65.92826,70.26185,Male
65.94198,70.52663,Male
67.43646,70.52744,Male
67.48444,69.7865,Male
67.61344,70.36684,Male
68.4518,69.97604,Male
68.49456,69.83308,Male
68.1056,70.69951,Male
69.48308,70.16871,Male
69.07389,70.11632,Male
69.39251,69.95433,Male
69.44294,70.31279,Male
69.52131,69.80903,Male
70.15463,69.96792,Male
69.86911,69.93939,Male
70.44394,69.73486,Male
70.85393,70.08397,Male
71.30074,70.01015,Male
72.13978,70.65025,Male
72.19045,70.01253,Male
75.43393,70.09077,Male
64.51788,71.34319,Male
66.36335,70.81542,Male
65.56855,71.44929,Male
66.78957,71.18676,Male
66.91193,71.66276,Male
68.1714,71.39516,Male
67.50102,70.73612,Male
67.83492,71.2608,Male
68.95255,71.04721,Male
69.26,71.2592,Male
68.74223,70.89486,Male
69.74288,71.31732,Male
70.29942,71.55712,Male
70.04402,71.17701,Male
70.23559,71.03412,Male
70.88075,71.37275,Male
71.19091,71.64741,Male
72.37396,71.1205,Male
73.03345,70.91756,Male
74.8083,71.66455,Male
67.39521,72.39198,Male
67.31523,71.87928,Male
67.77952,72.34482,Male
69.33827,72.17265,Male
68.72404,72.52078,Male
69.98991,71.98836,Male
69.75383,72.34482,Male
70.65942,72.45347,Male
71.10882,72.26945,Male
72.4811,71.96844,Male
72.4801,72.18169,Male
67.52214,72.7864,Male
68.23931,73.0414,Male
68.7997,72.87858,Male
69.89568,73.17304,Male
71.48641,73.63274,Male
70.76482,72.88245,Male
71.9137,73.18148,Male
63.08399,74.3209,Male
68.23241,74.40727,Male
70.05787,73.76791,Male
70.83996,73.92119,Male
72.56944,73.75503,Male
67.93353,75.56214,Male
67.54033,75.70222,Male
72.79855,77.21338,Male
62.67482,61.28882,Male
68.19196,74.28343,Male
65.07215,70.93102,Male
73.42952,75.34802,Male
62.94125,61.78758,Male
62.53667,64.00009,Male
69.90248,62.4658,Male
71.07217,73.70465,Male
71.11059,66.3495,Male
69.48402,62.20543,Male
70.18338,65.421,Male
65.46124,63.9922,Male
62.04073,62.78458,Male
63.60063,63.52486,Male
65.60613,63.49966,Male
68.02969,62.89658,Male
61.81571,63.72784,Male
63.78886,63.73231,Male
64.89023,64.39579,Male
65.79072,63.70072,Male
66.42371,64.44796,Male
68.80877,64.2795,Male
61.76521,65.18412,Male
64.30302,65.10118,Male
63.69064,65.56277,Male
64.99662,64.94454,Male
65.34899,65.14227,Male
64.81278,65.16843,Male
65.71736,65.58149,Male
66.03148,65.63474,Male
67.04912,64.87191,Male
67.77522,65.4176,Male
69.04964,64.7231,Male
62.1833,65.84559,Male
62.76393,65.77333,Male
63.88391,66.67371,Male
65.41055,66.54726,Male
64.62347,66.43228,Male
65.64621,66.3326,Male
66.16257,66.24935,Male
65.99538,66.39759,Male
65.79786,66.69366,Male
67.42936,66.22114,Male
67.11933,66.43499,Male
67.32907,66.65758,Male
67.86233,65.76873,Male
68.31609,66.20784,Male
67.96359,66.30166,Male
68.68615,65.81894,Male
71.18085,66.34562,Male
62.4296,66.88369,Male
62.88524,66.8162,Male
64.07313,67.36245,Male
63.88597,67.68308,Male
64.8272,67.19885,Male
65.39653,67.26903,Male
64.77344,67.45131,Male
68.66581,68.95907,Male
65.19783,62.013,Male
64.32621,64.10658,Male
66.08278,66.00879,Male
69.01679,65.77796,Male
64.50194,66.94446,Male
66.07654,66.81229,Male
65.73631,67.01431,Male
66.45485,67.43705,Male
65.63018,66.8442,Male
66.39423,67.25391,Male
67.33687,67.52273,Male
66.83938,67.17782,Male
66.69739,67.6068,Male
67.34708,66.8991,Male
67.35319,66.74675,Male
67.93575,67.16928,Male
67.76608,67.23833,Male
68.11569,66.75589,Male
68.2548,66.79828,Male
68.83427,67.488,Male
69.40758,67.1104,Male
69.32068,67.06455,Male
70.48,66.93899,Male
70.06429,67.54723,Male
70.63764,66.85662,Male
62.41134,67.70971,Male
63.15274,67.88296,Male
63.51409,68.66534,Male
63.91446,68.58164,Male
64.61683,68.44493,Male
64.86185,68.41199,Male
65.91332,68.44665,Male
66.1992,68.38258,Male
66.45978,67.92987,Male
65.50286,68.3033,Male
66.87795,67.97479,Male
67.0791,68.18304,Male
66.83256,68.57984,Male
67.18231,68.56974,Male
66.51763,67.81854,Male
66.95295,67.8796,Male
66.63586,68.22794,Male
68.18453,68.01258,Male
67.60565,67.85023,Male
68.27918,67.80077,Male
67.97994,68.59968,Male
69.00094,68.08671,Male
69.31139,67.87656,Male
68.88641,68.47849,Male
68.94824,68.60006,Male
69.42186,68.07838,Male
69.49516,68.08199,Male
70.34647,67.73211,Male
69.92358,68.4132,Male
70.69078,68.59541,Male
70.56571,68.28458,Male
72.40997,68.06489,Male
72.47685,68.41445,Male
62.72118,69.36998,Male
63.9001,69.00435,Male
64.50433,69.37297,Male
64.81813,68.89496,Male
65.37582,69.37382,Male
65.82612,69.34415,Male
66.29436,68.96686,Male
65.81042,69.59887,Male
66.80854,69.24597,Male
67.16724,69.68301,Male
67.30525,68.90541,Male
67.54577,69.07283,Male
67.86855,69.03297,Male
68.35003,69.18202,Male
67.60818,69.64233,Male
68.48397,68.82818,Male
68.56724,69.24165,Male
69.07405,69.10265,Male
68.56831,68.98512,Male
69.15373,69.31551,Male
68.60744,69.20435,Male
68.5443,68.93765,Male
69.65536,69.36661,Male
70.41632,68.71181,Male
69.97528,68.75662,Male
70.26613,69.35439,Male
71.31667,69.42891,Male
71.29178,69.52003,Male
72.59442,69.2275,Male
64.40268,69.95069,Male
64.9127,69.9199,Male
66.34756,69.98123,Male
66.04291,69.74222,Male
65.69477,69.82326,Male
66.71512,69.90223,Male
66.64971,70.2992,Male
68.33241,69.83745,Male
67.94335,69.94847,Male
67.96734,70.27479,Male
68.27657,70.67752,Male
68.75008,70.38903,Male
69.05441,70.37578,Male
69.00755,70.60668,Male
69.39488,70.16921,Male
69.7628,69.85223,Male
69.6464,70.23353,Male
70.45427,70.28373,Male
69.89852,70.33881,Male
70.984,69.81443,Male
71.22015,70.54739,Male
71.45442,69.96746,Male
71.60966,69.73702,Male
73.20296,69.8604,Male
63.89132,70.87111,Male
65.99384,71.36657,Male
66.0424,71.1878,Male
67.47658,70.75001,Male
66.68527,70.72998,Male
68.27034,71.32092,Male
67.72898,70.88794,Male
68.28372,70.9085,Male
68.39453,70.87662,Male
69.12925,71.19803,Male
69.10844,71.31925,Male
69.74196,71.22916,Male
69.9987,71.35939,Male
69.56148,71.60205,Male
69.97779,70.97309,Male
70.88691,71.1886,Male
70.64687,71.40319,Male
72.26404,71.39524,Male
71.50569,70.88752,Male
73.01402,71.27449,Male
66.20254,72.10289,Male
67.26312,72.03197,Male
67.8086,71.9969,Male
69.08284,71.72577,Male
69.351070000000007,71.92914,Male
69.59962,72.20518,Male
70.08948,72.29401,Male
70.18385,72.5854,Male
71.26955,72.04673,Male
72.07717,71.80541,Male
72.33894,71.80464,Male
67.06776,73.06559,Male
67.85929,73.44548,Male
69.07274,73.19223,Male
69.59893,73.37471,Male
69.73728,73.22554,Male
70.54066,72.88357,Male
72.40962,72.77826,Male
72.78889,73.26989,Male
68.10144,73.96165,Male
68.6106,74.64342,Male
71.293,73.92565,Male
72.09445,74.58767,Male
74.69236,74.31029,Male
71.16246,75.10003,Male
68.30804,77.15504,Male
60.41857,60.78204,Male
63.94459,62.36303,Male
63.06849,66.40186,Male
63.98036,58.50708,Male
73.89524,70.00052,Male
72.03687,70.99433,Male
61.02471,64.96417,Male
65.39914,70.47639,Male
71.96564,69.23383,Male
71.29643,64.901840000000007,Male
65.15837,68.7749,Male
68.90263,69.85805,Male
64.45192,62.52373,Male
63.99469,63.28805,Male
66.46124,63.52861,Male
67.12556,62.87456,Male
62.27941,63.91754,Male
63.8488,64.32325,Male
65.43612,64.22405,Male
65.62145,64.59643,Male
66.16956,64.28548,Male
67.62675,63.78835,Male
60.21393,65.66404,Male
62.99378,64.80838,Male
63.57239,65.63528,Male
65.15088,64.74897,Male
65.13462,64.79081,Male
64.79732,65.10988,Male
66.24856,65.55215,Male
66.22743,65.30083,Male
66.6056,65.1426,Male
67.99167,65.09433,Male
69.04862,64.81397,Male
62.12902,65.95058,Male
63.16227,66.37511,Male
64.45497,66.38624,Male
63.75483,66.31904,Male
64.63959,65.80919,Male
64.59106,66.09556,Male
66.06003,66.49077,Male
65.98544,66.32632,Male
65.66176,66.59779,Male
67.11501,66.00909,Male
67.31302,66.45585,Male
67.16149,66.00818,Male
68.38679,66.46605,Male
67.64175,66.37783,Male
67.55466,66.34685,Male
68.53614,66.31558,Male
70.02702,66.62303,Male
61.07412,66.79229,Male
62.72387,67.5336,Male
64.28642,67.15587,Male
64.11073,66.78051,Male
63.68318,67.25544,Male
64.68393,66.79006,Male
64.66753,66.88298,Male
67.95848,68.1121,Male
64.60933,63.61572,Male
66.07775,63.17978,Male
65.25267,65.67211,Male
69.67201,67.23403,Male
65.33965,67.4089,Male
65.54375,67.57913,Male
66.1112,67.20643,Male
66.22968,67.10018,Male
66.00879,66.80557,Male
66.03248,67.09308,Male
65.94624,66.91372,Male
67.09734,66.77528,Male
66.98893,66.97572,Male
67.38837,67.66639,Male
67.4075,67.62089,Male
67.31108,67.66841,Male
68.27151,67.32572,Male
68.33586,67.04153,Male
67.56752,66.96445,Male
68.23182,67.07223,Male
69.07604,67.169,Male
68.77033,67.48077,Male
70.49154,67.67057,Male
70.00767,66.86465,Male
69.52007,67.04437,Male
61.50617,67.72523,Male
62.93875,68.52969,Male
64.10318,67.8741,Male
63.85157,67.84693,Male
65.08731,68.26632,Male
64.62588,68.18364,Male
65.8912,68.55723,Male
66.24386,67.77137,Male
65.66031,67.92976,Male
66.05344,67.72522,Male
66.30711,67.98916,Male
67.15303,68.0679,Male
66.90986,67.772,Male
66.89436,68.11035,Male
66.56566,68.16623,Male
67.23789,68.61054,Male
67.05684,68.2893,Male
67.94515,68.38263,Male
67.94026,68.6212,Male
67.84234,68.27802,Male
67.91887,67.93914,Male
68.63961,67.7105,Male
68.60477,68.351,Male
69.04036,68.14712,Male
69.03336,67.97421,Male
69.12497,68.23682,Male
68.53779,68.05699,Male
70.24335,68.49856,Male
69.84308,68.58894,Male
69.90057,67.74098,Male
71.48946,68.69765,Male
72.37013,68.63531,Male
71.94413,68.37844,Male
61.01904,69.11352,Male
63.0108,69.35385,Male
64.5793,69.5135,Male
65.39658,69.11,Male
64.84995,69.64324,Male
65.54542,69.40655,Male
65.56421,69.18575,Male
66.09747,68.80709,Male
67.40602,69.11679,Male
66.5839,69.02706,Male
67.41035,69.05703,Male
67.21634,69.14581,Male
68.23175,68.7308,Male
67.88053,68.9798,Male
68.0153,68.95303,Male
67.69332,69.1639,Male
68.85462,68.81649,Male
68.73264,68.73746,Male
69.0711,69.00102,Male
68.79964,69.28222,Male
68.79876,69.37676,Male
69.32241,68.90879,Male
69.60923,69.32318,Male
69.76071,69.63872,Male
70.1611,69.43581,Male
70.12109,68.97885,Male
71.10802,69.54252,Male
71.44164,68.73497,Male
71.75006,69.20127,Male
64.35591,70.36167,Male
65.16253,70.10118,Male
66.09529,70.39507,Male
65.78674,70.03877,Male
65.53927,69.76556,Male
66.71703,70.39131,Male
67.17284,70.0372,Male
67.16853,70.25908,Male
68.06061,69.87081,Male
67.85988,70.69845,Male
68.1968,70.25756,Male
69.29537,69.7177,Male
68.84067,70.31993,Male
69.18095,69.95735,Male
68.69659,69.72691,Male
69.45833,70.22698,Male
70.0483,70.02038,Male
69.6916,70.32035,Male
70.20658,70.39947,Male
70.79086,69.78074,Male
70.87977,69.7598,Male
71.30702,70.53827,Male
72.3266,70.03449,Male
72.7824,70.59135,Male
64.40052,71.13378,Male
64.89121,71.15371,Male
65.84506,71.03018,Male
67.35461,70.93936,Male
67.44953,70.78603,Male
67.86439,71.50695,Male
67.92443,71.57023,Male
68.49998,70.83563,Male
67.60602,70.96118,Male
69.37288,71.55428,Male
69.34931,71.08274,Male
69.48306,71.49587,Male
70.21887,71.36997,Male
70.02161,71.49891,Male
69.83698,71.01177,Male
69.6041,71.62784,Male
71.49829,71.36701,Male
72.16894,71.23426,Male
72.41045,70.90129,Male
72.52521,71.53087,Male
64.6702,72.441,Male
66.78417,72.5999,Male
67.83401,71.79167,Male
68.15907,72.00806,Male
69.19301,72.01746,Male
68.86739,72.44981,Male
70.11126,71.92864,Male
70.12007,72.0908,Male
71.03691,72.57398,Male
71.43196,72.53335,Male
72.04564,71.78483,Male
72.738,72.57594,Male
68.02564,73.06795,Male
69.04939,73.18852,Male
68.86356,73.39371,Male
69.63421,73.3754,Male
71.24085,73.67679,Male
71.95679,72.84789,Male
72.89983,72.99608,Male
65.86028,74.67822,Male
68.48883,73.8507,Male
70.72676,74.35692,Male
72.34582,73.99906,Male
72.59922,73.92525,Male
68.82986,75.67784,Male
73.49987,76.10484,Male
70.0599,78.2476,Male
67.9291,61.89619,Male
64.66998,69.86215,Male
60.7795,62.26801,Male
74.94058,71.40839,Male
70.64925,71.60925,Male
60.91526,65.51351,Male
65.28934,71.86574,Male
71.362,71.16645,Male
71.66893,64.53321,Male
62.68868,65.25053,Male
71.39326,69.62871,Male
66.56302,65.10223,Male
67.18788,61.03526,Male
62.532,63.12132,Male
64.85512,63.5968,Male
66.94161,63.47848,Male
62.3603,63.83162,Male
63.58145,64.18388,Male
65.44633,64.66888,Male
65.00539,64.06363,Male
66.43717,64.38072,Male
66.6676,64.60295,Male
59.4898,64.81735,Male
63.00108,65.22864,Male
64.0892,65.62354,Male
64.0753,65.62755,Male
64.52103,64.8584,Male
65.19231,65.6482,Male
66.30604,65.6904,Male
66.03081,65.58218,Male
66.83096,65.08945,Male
68.19724,64.87234,Male
68.6599,65.68794,Male
61.29369,66.54461,Male
63.26089,66.23255,Male
63.86162,65.91034,Male
64.13176,66.29882,Male
64.81105,66.33603,Male
64.55987,66.19024,Male
66.19437,66.12728,Male
66.5,66.1938,Male
66.43436,65.82389,Male
67.30468,66.61389,Male
67.36559,66.45299,Male
67.29162,66.25633,Male
67.69874,66.53703,Male
68.38221,66.28457,Male
67.76712,65.90354,Male
69.29587,66.61969,Male
69.66477,66.59349,Male
60.03436,67.30641,Male
62.1356,67.41523,Male
63.64047,67.51658,Male
63.82278,66.94071,Male
64.46555,67.11246,Male
64.73798,66.99107,Male
65.43021,66.94124,Male
65.07381,68.06898,Male
69.29517,67.47908,Male
67.67996,63.00731,Male
64.94267,67.40208,Male
69.47933,68.75691,Male
65.05963,66.90827,Male
65.01253,67.28305,Male
65.61963,67.15978,Male
65.94819,67.12405,Male
65.68803,67.07313,Male
65.87689,67.17665,Male
65.91481,66.74724,Male
67.41946,66.81865,Male
66.53833,67.43735,Male
67.41995,67.37322,Male
67.21977,66.96049,Male
67.33721,67.40154,Male
68.11283,66.91834,Male
68.02017,66.93007,Male
68.02829,66.78425,Male
68.35139,66.7842,Male
68.80254,67.15158,Male
69.49307,67.45025,Male
70.2297,67.68985,Male
69.71997,67.13767,Male
70.16651,67.60589,Male
61.07369,67.96334,Male
62.66947,68.65674,Male
64.32254,68.42972,Male
64.27362,68.01111,Male
64.96148,68.61891,Male
64.77222,68.50647,Male
66.2365,67.77439,Male
66.10686,68.09837,Male
66.42772,68.19228,Male
66.22727,68.54918,Male
65.87574,68.59413,Male
67.03017,68.65282,Male
67.48545,68.40294,Male
66.7367,68.54259,Male
66.69181,68.59444,Male
67.31766,67.87885,Male
67.1219,68.0454,Male
67.82592,67.96346,Male
68.4376,68.55092,Male
67.74551,68.07785,Male
68.0934,67.93252,Male
67.71665,68.5916,Male
68.99349,67.90891,Male
69.24616,68.63842,Male
69.2828,68.6514,Male
69.26254,68.40634,Male
68.75605,68.19563,Male
69.62519,68.3391,Male
69.61942,68.13175,Male
69.94715,67.79551,Male
70.58916,68.24471,Male
72.34058,67.96366,Male
71.56142,68.02669,Male
72.94457,68.07695,Male
63.33777,69.23339,Male
64.3445,69.22874,Male
65.14077,68.9062,Male
65.2424,69.33247,Male
65.90397,69.53206,Male
65.98763,69.02418,Male
65.57065,69.26288,Male
65.82733,69.55433,Male
66.88576,69.3664,Male
66.98594,68.96569,Male
67.41537,69.33038,Male
67.93319,69.10425,Male
67.77812,69.29199,Male
68.44999,69.26009,Male
68.32281,68.71424,Male
68.35148,69.48488,Male
68.73678,69.48141,Male
68.97673,68.88311,Male
69.31931,68.83524,Male
68.80442,69.42378,Male
68.90434,68.82387,Male
69.80381,69.06951,Male
69.66712,69.18528,Male
70.38052,69.26989,Male
70.29892,68.83727,Male
71.02634,69.11594,Male
71.28432,69.39569,Male
72.03259,68.70258,Male
63.26539,70.39288,Male
64.87623,70.49606,Male
65.72722,70.11817,Male
66.13831,69.75304,Male
66.48902,70.25238,Male
66.06395,70.28837,Male
66.73532,69.71807,Male
67.12329,70.13835,Male
67.57161,70.41752,Male
68.18286,69.91638,Male
68.33868,69.7803,Male
68.14658,69.90789,Male
69.17022,70.29221,Male
69.17597,70.20136,Male
68.52789,70.42766,Male
68.84874,70.40239,Male
69.69833,70.65713,Male
69.86528,69.7276,Male
70.48646,70.45174,Male
71.16238,70.52536,Male
70.58946,70.45682,Male
70.54353,70.52011,Male
72.38576,70.25621,Male
73.18522,70.32714,Male
64.12344,71.39933,Male
64.62855,71.03487,Male
65.74244,71.61276,Male
67.11563,70.90129,Male
66.81497,71.36831,Male
68.38001,71.46158,Male
68.33835,71.22939,Male
68.25066,71.59368,Male
68.36488,71.6476,Male
68.67873,71.33885,Male
68.70293,71.13133,Male
69.0466,71.52388,Male
70.17375,70.95837,Male
69.86849,71.48199,Male
70.15821,70.85433,Male
70.24204,71.41922,Male
71.41811,71.30872,Male
70.66031,71.22321,Male
72.42614,71.4506,Male
73.04341,70.76122,Male
64.6891,72.65576,Male
67.09928,71.964340000000007,Male
67.79858,72.3071,Male
68.37299,72.2446,Male
69.19364,72.38029,Male
68.5938,72.04211,Male
69.86969,71.77644,Male
70.17952,72.54877,Male
70.51811,72.57381,Male
71.00743,71.90584,Male
71.83086,72.62022,Male
72.81121,72.4218,Male
67.95451,73.13823,Male
67.81317,73.60773,Male
69.32812,73.2649,Male
70.45127,73.0769,Male
71.38916,73.69792,Male
72.31022,73.60551,Male
71.8821,72.87015,Male
64.61601,73.90142,Male
67.75382,74.32431,Male
69.90335,73.87776,Male
70.87039,74.20972,Male
72.71533,74.47833,Male
69.03942,75.07304,Male
72.44463,76.3516,Male
69.07253,78.36479,Male
70.1758,61.22021,Male
72.37219,72.63356,Male
59.63777,64.94291,Male
73.27737,73.02984,Male
68.12621,71.81569,Male
63.15234,65.29123,Male
66.00489,60.90911,Male
71.45303,72.131,Male
68.1456,70.98853,Male
65.25527,61.7019,Male
70.41584,67.51436,Male
68.38452,64.37789,Male
61.89133,63.2825,Male
64.98391,63.47892,Male
66.21887,63.662350000000004,Male
59.48391,63.94637,Male
62.77645,63.93831,Male
63.86507,63.94722,Male
64.56486,64.08187,Male
65.60265,64.68702,Male
66.28333,64.38337,Male
70.55256,63.91132,Male
62.14539,64.84282,Male
64.37906,65.33216,Male
64.35191,65.2375,Male
64.91304,65.47348,Male
65.33085,65.16309,Male
65.17545,65.35727,Male
66.10285,65.59545,Male
66.05004,64.70258,Male
67.38231,64.76966,Male
67.83999,65.55892,Male
70.27309,65.42338,Male
63.19263,66.54624,Male
63.66834,65.70133,Male
64.12671,66.12315,Male
64.71388,66.2678,Male
65.14662,66.55539,Male
65.94428,66.42398,Male
65.67785,66.50633,Male
65.95134,66.27712,Male
67.30819,66.42142,Male
66.69404,66.25827,Male
66.56885,66.1285,Male
66.80951,66.53558,Male
68.24011,66.32575,Male
67.5344,66.11991,Male
68.4157,65.87925,Male
69.09588,65.70978,Male
70.81036,66.10198,Male
61.68183,67.57237,Male
63.04493,67.4361,Male
64.34945,67.00761,Male
63.89336,67.21048,Male
65.48176,67.1921,Male
64.726,67.39528,Male
64.65128,67.44979,Male
67.47271,68.18883,Male
66.76701,62.74094,Male
64.98147,66.34954,Male
69.38684,65.69966,Male
63.7123,68.36264,Male
64.63358,67.52548,Male
66.00037,67.24632,Male
65.96621,67.21519,Male
66.49751,67.45383,Male
66.27177,66.93472,Male
65.67892,67.6832,Male
66.86814,66.97218,Male
66.73495,66.73049,Male
66.53357,66.75153,Male
67.05051,67.4346,Male
67.04958,66.92896,Male
67.55908,67.49282,Male
67.58076,66.93944,Male
67.51942,67.03135,Male
68.12592,66.91542,Male
68.57465,66.97758,Male
68.52484,67.14932,Male
69.20286,67.53093,Male
69.7551,67.52202,Male
69.91868,67.27928,Male
70.50329,67.56893,Male
62.83528,67.75773,Male
63.24504,68.10565,Male
64.44602,68.49664,Male
64.31819,68.5851,Male
64.73521,67.85579,Male
64.72352,68.60796,Male
65.97741,68.19156,Male
65.63739,68.25828,Male
65.83449,68.15401,Male
65.87064,68.18623,Male
66.61001,68.16064,Male
66.75821,68.6097,Male
66.77012,68.34391,Male
67.21373,68.65678,Male
67.09047,68.51914,Male
66.93359,67.72093,Male
68.03852,67.96986,Male
67.98476,67.75073,Male
68.25046,68.09745,Male
68.26078,68.64602,Male
68.21235,68.2318,Male
68.54029,68.18244,Male
68.50469,68.15011,Male
69.13248,68.13611,Male
69.21981,68.10048,Male
69.34385,68.53037,Male
69.41153,68.37728,Male
70.25056,68.17652,Male
69.68641,67.7452,Male
70.51091,67.93037,Male
71.29598,68.25872,Male
72.20218,68.33639,Male
72.33929,68.27405,Male
62.91628,69.5816,Male
63.93525,68.70027,Male
64.59851,68.93075,Male
65.47401,68.78663,Male
65.864,69.0649,Male
66.30684,68.99285,Male
65.77587,68.99516,Male
66.48386,68.73929,Male
67.31983,69.47357,Male
67.39901,69.08392,Male
67.05939,69.07281,Male
68.45161,69.62286,Male
67.7061,69.35683,Male
68.08389,69.16149,Male
67.58923,68.81413,Male
67.80388,68.9529,Male
69.25919,69.47561,Male
69.05302,69.5506,Male
68.70921,69.38889,Male
69.02788,69.57241,Male
68.94943,69.37092,Male
68.81536,68.92229,Male
69.91801,68.71081,Male
70.45072,69.2671,Male
69.96349,68.74473,Male
69.75787,68.81509,Male
71.38281,69.47472,Male
71.08122,69.69307,Male
72.74936,69.65334,Male
65.26855,70.46902,Male
66.01549,70.00607,Male
65.5142,70.61711,Male
65.62374,70.51318,Male
65.92199,69.97204,Male
67.11129,69.92313,Male
66.89727,70.46938,Male
67.94195,69.91923,Male
67.7274,69.71908,Male
67.54999,70.61155,Male
67.96013,70.20868,Male
68.83038,70.27586,Male
69.43917,70.18348,Male
68.55957,70.5115,Male
69.10638,70.50015,Male
70.4814,70.24017,Male
69.92992,70.001,Male
70.04238,70.21726,Male
69.56779,70.20554,Male
71.01077,69.97788,Male
70.62603,70.36632,Male
71.46383,70.38931,Male
71.62112,70.18593,Male
73.87758,70.23168,Male
65.00573,70.74197,Male
66.30354,71.47899,Male
65.86743,71.41695,Male
66.86667,71.20207,Male
67.15958,70.87987,Male
68.06904,71.26557,Male
67.57382,71.41653,Male
67.63354,71.24074,Male
69.41356,71.15528,Male
68.87192,71.20588,Male
69.07779,70.98515,Male
69.81177,71.35642,Male
70.01463,71.21331,Male
69.56649,71.59639,Male
70.254,71.25854,Male
70.68296,71.53325,Male
70.87874,70.92787,Male
72.45099,71.54787,Male
73.04359,71.07293,Male
74.40915,70.86163,Male
67.40139,72.67319,Male
66.53122,71.77245,Male
68.04593,72.64278,Male
68.82772,72.48159,Male
69.33069,71.9078,Male
70.34676,72.18324,Male
70.173,72.55104,Male
70.80883,72.33861,Male
70.7029,72.07098,Male
72.35959,72.30647,Male
72.3661,72.05185,Male
67.17534,72.75204,Male
67.84045,72.79178,Male
68.9053,73.50606,Male
70.3752,73.68578,Male
71.18523,72.79593,Male
71.41254,73.41049,Male
71.70673,73.02077,Male
72.60072,73.20758,Male
67.57652,74.49237,Male
68.55814,73.81263,Male
70.95019,73.81376,Male
71.99783,73.82642,Male
75.17469,73.81739,Male
73.07157,75.57544,Male
69.92407,77.23474,Male
65.54323,60.05859,Male
72.56261,76.81927,Male
72.15051,66.72684,Male
63.22006,58.79456,Male
73.2645,67.89277,Male
65.81296,61.04946,Male
67.70657,59.81693,Male
66.99681,70.75232,Male
71.33181,68.26774,Male
71.78314,69.30589,Male
70.73837,69.30199,Male
70.30609,67.015,Male
59.7,55.1,Female
58.2,56.5,Female
60.6,56,Female
60.7,56.8,Female
61.8,56,Female
55.5,57.9,Female
55.4,57.1,Female
56.8,57.6,Female
57.5,57.2,Female
57.3,57.1,Female
58.5,57.6,Female
59.7,57.1,Female
59,57.7,Female
60.4,57.5,Female
60.2,57.1,Female
60.3,57.9,Female
61.9,57.9,Female
62.3,57.8,Female
63,57.2,Female
64.6,57.6,Female
56.8,58,Female
56.9,58.7,Female
57.9,58,Female
57.3,58.8,Female
58.8,58,Female
58.4,58,Female
59.3,58.6,Female
59.3,58.9,Female
59,58.8,Female
59.7,58.3,Female
59.5,58.7,Female
60.4,58.9,Female
60.3,58.1,Female
66.2,58.8,Female
57,59.6,Female
57.8,59.2,Female
57.8,59.9,Female
57,59.9,Female
58.6,59.3,Female
58.4,59.3,Female
58,59.4,Female
58.7,59.4,Female
58.7,59.1,Female
58.1,59.8,Female
59.7,59.7,Female
59,59.6,Female
59.2,59,Female
59.3,59.9,Female
59.8,59.1,Female
59.7,59.5,Female
59.6,59.7,Female
59.3,59,Female
59.3,59.7,Female
59.4,59.4,Female
59.8,59.6,Female
59.8,59.3,Female
60.4,59,Female
60.9,59,Female
60.2,59.7,Female
60.5,59.9,Female
60,59,Female
60.6,59.3,Female
60.7,59.3,Female
60.8,59,Female
60,59.3,Female
60.6,59.4,Female
60.1,59.2,Female
61.3,59.4,Female
61.9,59.6,Female
61.1,59.1,Female
61,59.6,Female
61.6,59.4,Female
61.6,59.4,Female
61.5,59.8,Female
61.3,59.4,Female
61.3,59.1,Female
62.5,59.5,Female
62.7,59.7,Female
62,59.8,Female
63.1,59,Female
63.4,59.9,Female
64,59.2,Female
66.7,59.6,Female
56.2,60.4,Female
56.1,60.6,Female
56.8,60.6,Female
57.8,60.2,Female
57.9,60.9,Female
57.7,60.6,Female
57.2,60.6,Female
57.1,60.2,Female
58.4,60.6,Female
58.9,60.5,Female
58.7,60.6,Female
58,60.5,Female
58.8,60.3,Female
58.4,60.9,Female
58,60.4,Female
58.9,60.6,Female
58.3,60.3,Female
59,60.2,Female
59.6,60.9,Female
59.8,60,Female
59.4,60.5,Female
59.2,60.8,Female
59.6,60.2,Female
59.3,60.7,Female
59.4,60.9,Female
59.8,60.1,Female
59.9,60,Female
59.8,60.7,Female
59.2,60.7,Female
59.2,60,Female
59.7,60.3,Female
59.1,60,Female
60.5,60.8,Female
60.2,60.5,Female
60.2,60.4,Female
60,60.9,Female
60.3,60.1,Female
60.5,60.9,Female
60.4,60.9,Female
60.6,60.9,Female
60.7,60,Female
60.2,60.9,Female
60.6,60.5,Female
60.2,60.5,Female
60.9,60,Female
60.7,60.1,Female
60,60.2,Female
60,60.1,Female
60.8,60.2,Female
60.1,60.3,Female
60.9,60.7,Female
60.9,60.5,Female
61.2,60.3,Female
61.8,60.2,Female
61.2,60.7,Female
61.9,60,Female
61.6,60.1,Female
61.8,60.5,Female
61.6,60.8,Female
61,60.2,Female
61.5,60.3,Female
61.4,60.3,Female
61.9,60.9,Female
61.9,60.7,Female
61.1,60.1,Female
61.8,60,Female
61.8,60.1,Female
61.6,60.1,Female
62.2,60.2,Female
62.4,60.6,Female
62.2,60,Female
62.1,60.9,Female
62.3,60.8,Female
62.4,60.1,Female
62.1,60.8,Female
62.1,60.3,Female
62.8,60.1,Female
62.2,60.3,Female
62.1,60.7,Female
62.2,60.7,Female
62,60.7,Female
62.7,60.3,Female
62.5,60,Female
62.2,60.3,Female
62.6,60.9,Female
63.5,60.9,Female
63.3,60,Female
63.8,60.6,Female
63.6,60.5,Female
63.7,60,Female
63.2,60.1,Female
63.5,60.7,Female
63,60.2,Female
63.3,60.1,Female
63.2,60.2,Female
63,60.7,Female
63,60.8,Female
63.6,60.6,Female
63.2,60.4,Female
63.9,60.6,Female
63.9,60.9,Female
63,60.2,Female
63.9,60.9,Female
64.1,60.3,Female
64.9,60.9,Female
64.8,60.5,Female
65.3,60.4,Female
65.9,60.3,Female
66.3,60.1,Female
66.5,60.4,Female
68.7,60.6,Female
56.6,61.2,Female
57.5,61.7,Female
57.3,61.4,Female
58.6,61.6,Female
58.2,61.8,Female
58.1,61.3,Female
58.7,61.8,Female
58.8,61,Female
58.9,61.1,Female
58.9,61.8,Female
58.6,61.1,Female
59.9,61.7,Female
59.2,61.4,Female
59.8,61.8,Female
59.6,61.5,Female
59,61.2,Female
59.9,61,Female
59,61.9,Female
59.8,61.1,Female
59.9,61.8,Female
59.9,61.5,Female
59,61.8,Female
59.5,61.4,Female
59.7,61.6,Female
59.5,61.5,Female
59.3,61.1,Female
59.2,61.1,Female
59.3,61,Female
59.2,61.5,Female
60,61.4,Female
60.5,61.9,Female
60.7,61.6,Female
60.5,61.8,Female
60.1,61,Female
60.2,61.3,Female
60.8,61,Female
60.5,61.4,Female
60.9,61.2,Female
60.5,61.9,Female
60.9,61.5,Female
60.8,61.5,Female
60.9,61,Female
60.7,61.7,Female
60.5,61.2,Female
60.8,61.7,Female
60.2,61,Female
60.8,61.2,Female
61.4,61,Female
61.9,61.6,Female
61.7,61.8,Female
61.8,61.9,Female
61.7,61.5,Female
61.3,61.4,Female
61,61.8,Female
61.8,61,Female
61.7,61.1,Female
61.2,61.4,Female
61.6,61.7,Female
61.9,61.6,Female
61.9,61.8,Female
61.3,61.6,Female
61.6,61.5,Female
61.5,61.2,Female
61.8,61.5,Female
61.8,61.1,Female
61,61.4,Female
61.6,61.7,Female
61.3,61.6,Female
61.4,61.7,Female
61.3,61.5,Female
61.1,61.9,Female
61.7,61.8,Female
61.1,61.1,Female
61.3,61.5,Female
61.2,61.3,Female
61.3,61,Female
61.9,61.1,Female
61.7,61.8,Female
61,61.1,Female
61.1,61.1,Female
61.4,61.8,Female
62.4,61.6,Female
62.8,61.1,Female
62.5,61.8,Female
62.1,61.1,Female
62.8,61.5,Female
62.8,61.8,Female
62.1,61.7,Female
62.8,61.9,Female
62.1,61.5,Female
62.5,61.3,Female
62.8,61.8,Female
62.8,61.4,Female
62.3,61,Female
62.3,61.3,Female
62.7,61.5,Female
62.7,61.7,Female
62.9,61.9,Female
62.4,61.4,Female
62.6,61.2,Female
62.9,61.6,Female
62.5,61.8,Female
62.4,61.1,Female
62.1,61.5,Female
62.2,61.9,Female
62.4,61.1,Female
62.9,61.3,Female
62.1,61.8,Female
63.3,61,Female
63.9,61.2,Female
63.9,61.8,Female
63.9,61.6,Female
63.9,61,Female
63.6,61.7,Female
63.9,61.2,Female
63.5,61.7,Female
63.6,61.9,Female
63.7,61.1,Female
63.2,61,Female
63.6,61.2,Female
63.4,61.4,Female
63.9,61.8,Female
63.7,61.9,Female
64.9,61.3,Female
64.5,61.7,Female
64,61.7,Female
64.1,61.8,Female
64.1,61.3,Female
64.8,61.9,Female
64.3,61.4,Female
64.1,61.4,Female
64.5,61.4,Female
65.8,61.7,Female
65.7,61,Female
65.2,61.3,Female
65.1,61.6,Female
65.1,61,Female
65.9,61.4,Female
66.5,61.8,Female
66.6,61.9,Female
66.6,61.4,Female
57.4,62.2,Female
57.2,62.1,Female
57.7,62.4,Female
57.9,62.6,Female
58.3,62.5,Female
58.5,62,Female
58.8,62.7,Female
58.1,62.2,Female
58.8,62.2,Female
58.5,62.4,Female
58.7,62,Female
58.9,62.8,Female
58.5,62.3,Female
58.9,62.4,Female
58.2,62.7,Female
58.7,62,Female
59.9,62.1,Female
59.8,62.8,Female
59.7,62.2,Female
59.4,62.1,Female
59.2,62.6,Female
59.3,62.2,Female
59,62.5,Female
59.2,62.6,Female
59.7,62.2,Female
59.5,62.2,Female
59.6,62.4,Female
59,62.1,Female
59.4,62.3,Female
59.5,62.5,Female
59.3,62.2,Female
59,62.3,Female
59.8,62.9,Female
59.8,62.4,Female
59.4,62.7,Female
59.8,62.6,Female
60.3,62.6,Female
60.5,62.6,Female
60.6,62.6,Female
60.1,62.5,Female
60.2,62.4,Female
60.1,62.7,Female
60.2,62,Female
60.1,62,Female
60.7,62,Female
60.3,62.1,Female
60.9,62.9,Female
60.7,62,Female
60.8,62.3,Female
60.5,62.7,Female
60.1,62.3,Female
60.2,62.3,Female
60.4,62.6,Female
60.6,62.8,Female
60.4,62.1,Female
60.4,62.8,Female
60.1,62.3,Female
60,62.8,Female
60.5,62.3,Female
60.3,62.4,Female
60.6,62.7,Female
60.2,62.6,Female
60.5,62.7,Female
60.4,62.7,Female
60.7,62.1,Female
60.6,62.4,Female
60.1,62.5,Female
60,62.6,Female
60,62.9,Female
61.7,62,Female
61.8,62,Female
61.2,62.5,Female
61.6,62.8,Female
61.5,62.4,Female
61.1,62.4,Female
61.9,62.5,Female
61.2,62.6,Female
61.7,62.7,Female
61.6,62.2,Female
61.5,62.5,Female
61.2,62.6,Female
61.4,62.4,Female
61.1,62.2,Female
61,62.4,Female
61.3,62.1,Female
61.6,62.1,Female
61,62,Female
61.7,62.1,Female
61.8,62.3,Female
61.7,62.9,Female
61.3,62.5,Female
61.4,62.2,Female
61.1,62.1,Female
61,62.1,Female
61.3,62.5,Female
61.6,62.4,Female
61.9,62.8,Female
61,62.4,Female
61.1,62.6,Female
61.9,62.4,Female
61.1,62.3,Female
61.7,62.1,Female
61.3,62.1,Female
61.7,62.8,Female
62,62.3,Female
62.6,62.7,Female
62.1,62.2,Female
62,62,Female
62.5,62.5,Female
62.6,62.8,Female
62.2,62.4,Female
62.9,62.8,Female
62.5,62.2,Female
62.9,62.9,Female
62.2,62,Female
62.8,62.6,Female
62.2,62.8,Female
62.5,62.5,Female
62.4,62.4,Female
62.3,62.8,Female
62.1,62.6,Female
62.7,62.3,Female
62.5,62.6,Female
62.4,62.1,Female
62.4,62.6,Female
62.9,62.8,Female
62.2,62.5,Female
62.1,62,Female
62.9,62.1,Female
62.6,62.7,Female
62.6,62.8,Female
62.7,62.3,Female
62.1,62.3,Female
62.3,62.5,Female
62.1,62.8,Female
62.9,62.2,Female
62.6,62.8,Female
62.7,62.9,Female
62.7,62.6,Female
63.2,62.2,Female
63.7,62.6,Female
63.9,62.6,Female
63,62.7,Female
63.3,62,Female
63.9,62.2,Female
63.6,62.4,Female
63.7,62.6,Female
63.8,62.5,Female
63.1,62.4,Female
63.1,62.1,Female
63.3,62.1,Female
63.4,62.3,Female
63,62.1,Female
63.5,62.9,Female
63.7,62.9,Female
63.4,62,Female
63.6,62,Female
63.8,62.5,Female
63.5,62.2,Female
63.5,62.1,Female
63.2,62.5,Female
63,62.5,Female
63.5,62.5,Female
64.9,62,Female
64.4,62,Female
64.4,62.2,Female
64.3,62.6,Female
64.7,62.8,Female
64.5,62.5,Female
64.8,62.1,Female
64,62.4,Female
64,62.9,Female
64.7,62.3,Female
64.4,62.1,Female
64,62.3,Female
64.6,62.1,Female
65.2,62.6,Female
65.1,62.4,Female
65.1,62.7,Female
65.5,62.1,Female
65.8,62.4,Female
65.7,62.9,Female
65.6,62.9,Female
65.5,62.8,Female
65.6,62.4,Female
65.1,62,Female
66.1,62.3,Female
66.2,62.3,Female
66.8,62.8,Female
67.3,62.5,Female
56.7,63.3,Female
57.7,63.9,Female
57.6,63.4,Female
57,63.7,Female
57.1,63.7,Female
58,63,Female
58.2,63.7,Female
58.6,63.3,Female
58.1,63.6,Female
58.1,63.4,Female
58.3,63,Female
59.5,63.7,Female
59.3,63,Female
59.9,63.7,Female
59,63.3,Female
59.5,63.1,Female
59.1,63.8,Female
59.3,63.6,Female
59.7,63.3,Female
59.1,63.1,Female
59.3,63.6,Female
59.5,63.7,Female
59.2,63.4,Female
59.4,63,Female
59,63.5,Female
59.2,63.1,Female
59.4,63.9,Female
59.2,63.5,Female
59.8,63.6,Female
60.5,63.7,Female
60.7,63.4,Female
60.8,63,Female
60.2,63.8,Female
60.1,63.9,Female
60.2,63.7,Female
60.9,63.2,Female
60.5,63.4,Female
60.5,63.5,Female
60.2,63.6,Female
60,63.4,Female
60.1,63.2,Female
60.7,63.8,Female
60.1,63.1,Female
60.7,63.1,Female
60.7,63.4,Female
60.3,63.9,Female
60.3,63.5,Female
60.1,63.1,Female
60.8,63.9,Female
60.9,63.2,Female
60.4,63.5,Female
60.8,63.4,Female
60.1,63.5,Female
60.2,63.4,Female
60.1,63.9,Female
60.1,63.7,Female
60.9,63.6,Female
60.8,63.4,Female
61.9,63.2,Female
61.2,63.2,Female
61.1,63.1,Female
61.5,63.6,Female
61.6,63.5,Female
61.1,63,Female
61.3,63.1,Female
61.2,63.3,Female
61.4,63.3,Female
61.4,63.6,Female
61.6,63.7,Female
61.1,63.1,Female
61.9,63.4,Female
61.7,63.6,Female
61,63,Female
61.1,63.1,Female
61.8,63.5,Female
61.2,63.9,Female
61.1,63.6,Female
61.3,63.5,Female
61.1,63.7,Female
61.2,63.7,Female
61.9,63.2,Female
61.2,63.6,Female
61.9,63.9,Female
61.1,63,Female
61.2,63.6,Female
61.5,63.3,Female
61.3,63.6,Female
61.1,63.8,Female
61.3,63.2,Female
61.4,63.5,Female
61.9,63.7,Female
61,63.9,Female
61.5,63.1,Female
61.3,63.4,Female
61.4,63.3,Female
61.8,63.4,Female
61.8,63.7,Female
61.9,63.6,Female
61.6,63.5,Female
61.2,63.7,Female
62.7,63.1,Female
62.6,63.6,Female
62.3,63.4,Female
62.8,63.5,Female
62.1,63.1,Female
62.9,63.5,Female
62.1,63.4,Female
62.4,63.8,Female
62.5,63,Female
62.6,63.6,Female
62,63.6,Female
62.2,63.5,Female
62,63.6,Female
62.8,63.7,Female
62.8,63.3,Female
62,63.6,Female
62,63.4,Female
62.2,63.7,Female
62.8,63.2,Female
62.1,63.1,Female
62,63,Female
62.5,63.2,Female
62.2,63.2,Female
62.9,63.3,Female
62.7,63,Female
62.5,63.5,Female
62.7,63.5,Female
62.3,63.3,Female
62,63.1,Female
62.6,63.3,Female
62.7,63.8,Female
62,63.2,Female
62.3,63.2,Female
62,63.6,Female
62.5,63.7,Female
62.9,63,Female
62,63.3,Female
62.9,63.9,Female
62,63.5,Female
62.9,63.8,Female
62.2,63.7,Female
62.2,63.1,Female
62,63.7,Female
62.7,63.2,Female
62.1,63.5,Female
62.8,63.1,Female
63.5,63.5,Female
63.3,63.2,Female
63.5,63.2,Female
63.8,63.5,Female
63.2,63.6,Female
63.4,63.6,Female
63.6,63.6,Female
63.6,63.4,Female
63.7,63.3,Female
63.2,63.7,Female
63.6,63.5,Female
63.7,63.9,Female
63.7,63.3,Female
63,63,Female
63.8,63.1,Female
63.3,63.9,Female
63.9,63.8,Female
63.6,63.5,Female
63.1,63.6,Female
63.9,63.3,Female
63.8,63.5,Female
63.8,63.4,Female
63.2,63.5,Female
63.5,63.5,Female
63.6,63.2,Female
63.3,63.1,Female
63.7,63.2,Female
63.1,63.7,Female
63.1,63.3,Female
63.7,63.1,Female
63.4,63.6,Female
63.9,63.4,Female
63.3,63.1,Female
63.4,63.5,Female
64.1,63.1,Female
64,63.2,Female
64.8,63.6,Female
64.7,63.2,Female
64.2,63.1,Female
64.5,63.3,Female
64.7,63.8,Female
64.5,63.3,Female
64.7,63.6,Female
64,63.8,Female
64.9,63.5,Female
64.1,63,Female
64.9,63.1,Female
64.5,63.2,Female
64,63.4,Female
64.1,63.1,Female
64.3,63.7,Female
64.1,63.3,Female
65.5,63.4,Female
65,63,Female
65.2,63.3,Female
65.5,63.4,Female
65,63.8,Female
65.3,63.5,Female
65.6,63.4,Female
65.2,63.4,Female
65,63.6,Female
65.8,63.8,Female
66.7,63.7,Female
66.3,63.5,Female
66.4,63.3,Female
66.3,63.5,Female
57.6,64.3,Female
57.3,64.9,Female
58.1,64.4,Female
58.3,64.1,Female
58.9,64.7,Female
58.7,64.9,Female
59.3,64.4,Female
59.5,64.7,Female
59.8,64.8,Female
59.1,64.5,Female
59.3,64.1,Female
59.7,64.9,Female
60.7,64.3,Female
60.7,64.1,Female
60.9,64.4,Female
60.7,64.2,Female
60.4,64.2,Female
60.1,64.7,Female
60.2,64.6,Female
60.3,64.7,Female
60.7,64.4,Female
60.9,64.6,Female
60.4,64.1,Female
60.7,64.7,Female
60.5,64.3,Female
60.6,64.7,Female
60,64.8,Female
60.3,64.5,Female
60.4,64,Female
60,64.5,Female
60.9,64.2,Female
60.5,64.7,Female
60.7,64.3,Female
60.3,64.5,Female
60.7,64.8,Female
60.5,64.9,Female
61.6,64.4,Female
61,64.3,Female
61.7,64.3,Female
61.6,64.9,Female
61.6,64.1,Female
61.7,64.7,Female
61.6,64,Female
61.6,64.9,Female
61.8,64.6,Female
61.8,64.4,Female
61.3,64.7,Female
61.7,64,Female
61.2,64.8,Female
61,64.8,Female
61.8,64.9,Female
61.7,64.5,Female
61.2,64.3,Female
61.5,64.7,Female
61,64.8,Female
61.4,64.8,Female
61,64.7,Female
61.7,64.8,Female
61,64.3,Female
61.5,64.9,Female
61.3,64.7,Female
61,64.2,Female
61.1,64.4,Female
61.1,64.5,Female
61.8,64.6,Female
61.4,64.6,Female
61.5,64.2,Female
61.9,64,Female
62.6,64.7,Female
62.2,64.1,Female
62.9,64.3,Female
62.9,64.2,Female
62.6,64.3,Female
62.3,64,Female
62.9,64.1,Female
62.8,64.6,Female
62.6,64.1,Female
62.2,64.4,Female
62.8,64.2,Female
62.1,64.2,Female
62.6,64,Female
62.1,64.8,Female
62.6,64.3,Female
62.2,64.4,Female
62.2,64.4,Female
62.7,64.6,Female
62.8,64,Female
62.9,64.5,Female
62,64.2,Female
62.3,64.5,Female
62.6,64.3,Female
62.9,64.7,Female
62.9,64.7,Female
62.5,64,Female
62.1,64.2,Female
62.2,64.3,Female
62.6,64.6,Female
62.5,64.2,Female
62.4,64.9,Female
62.8,64,Female
62.7,64.8,Female
62.8,64.4,Female
62.3,64.4,Female
62.5,64.6,Female
62.5,64.4,Female
62.1,64.3,Female
63.2,64,Female
63.4,64.7,Female
63.4,64.1,Female
63.8,64.7,Female
63.9,64.3,Female
63.3,64.3,Female
63.5,64.7,Female
63,64.7,Female
63.9,64.9,Female
63.9,64.7,Female
63.8,64.2,Female
63.2,64.4,Female
63.8,64.1,Female
63.9,64.9,Female
63.3,64.6,Female
63.9,64.3,Female
63.2,64.7,Female
63.6,64.3,Female
63.6,64.1,Female
63.4,64.9,Female
63.7,64.4,Female
63,64,Female
63.5,64.9,Female
63.4,64.1,Female
63.1,64.8,Female
63.1,64,Female
63.2,64.6,Female
63.8,64.4,Female
63.2,64.5,Female
63.3,64.5,Female
63.7,64.8,Female
63.5,64,Female
63.7,64.3,Female
63.9,64.3,Female
63.7,64.9,Female
63.5,64.9,Female
63.4,64,Female
63.5,64.8,Female
63.9,64.8,Female
63.1,64.3,Female
64.5,64.6,Female
64.1,64.1,Female
64.1,64.1,Female
64.5,64.4,Female
64.7,64.1,Female
64.6,64.6,Female
64.8,64.4,Female
64.7,64.1,Female
64,64.2,Female
64.1,64.1,Female
64.1,64.5,Female
64.1,64.3,Female
64.2,64.9,Female
64.3,64.7,Female
64.1,64.5,Female
64.8,64.2,Female
64.7,64.1,Female
64.9,64.5,Female
64.8,64.2,Female
64.8,64.5,Female
64.2,64,Female
64,64.1,Female
64.8,64.2,Female
64.9,64.7,Female
64,64,Female
64.5,64.1,Female
64.3,64.1,Female
64,64.5,Female
65.9,64.3,Female
65.3,64.9,Female
65.7,64.1,Female
65.6,64.3,Female
65,64.2,Female
65.8,64.9,Female
65.7,64.8,Female
65.5,64.4,Female
65.5,64.6,Female
65.5,64.1,Female
65.8,64.3,Female
65.3,64.8,Female
65.2,64.7,Female
65.5,64.7,Female
65.4,64.5,Female
65.6,64.4,Female
65.1,64.1,Female
65.5,64.5,Female
65.4,64.2,Female
66.7,64.8,Female
66,64,Female
66.3,64.3,Female
66.4,64.3,Female
67.4,64.5,Female
67.8,64.7,Female
58.2,65.5,Female
59.6,65.6,Female
59.3,65.8,Female
59.5,65.2,Female
59.2,65.8,Female
59,65.4,Female
59,65.1,Female
60,65.9,Female
60.4,65.3,Female
60.7,65.2,Female
60.2,65.9,Female
60.8,65.1,Female
60.1,65.1,Female
60.4,65.9,Female
60.3,65.9,Female
60.4,65.5,Female
60.5,65.7,Female
61.7,65.1,Female
61.2,65,Female
61.4,65.2,Female
61.9,65.3,Female
61.5,65.4,Female
61.9,65.3,Female
61.4,65.4,Female
61.2,65.4,Female
61.3,65.1,Female
61.4,65,Female
61.8,65.9,Female
61.6,65.8,Female
61.1,65.2,Female
61.5,65,Female
61.1,65.8,Female
61,65.9,Female
61,65.2,Female
61.9,65.1,Female
62.8,65.1,Female
62.5,65.3,Female
62.5,65,Female
62.9,65.3,Female
62.7,65.4,Female
62.5,65.2,Female
62.7,65.9,Female
62.3,65.6,Female
62.3,65.7,Female
62.3,65.8,Female
62.9,65.7,Female
62.8,65.4,Female
62.2,65,Female
62.7,65.8,Female
62.5,65.4,Female
62.2,65.6,Female
62.5,65.3,Female
62.1,65.8,Female
62.3,65.7,Female
62.1,65.8,Female
62.4,65.4,Female
62.2,65.7,Female
62.3,65.9,Female
62.7,65.5,Female
62.8,65.1,Female
62,65.2,Female
62.9,65.6,Female
62.3,65.3,Female
63.1,65.8,Female
63.8,65.1,Female
63.9,65.6,Female
63.3,65.7,Female
63.4,65.4,Female
63.4,65.8,Female
63.8,65.1,Female
63.4,65.7,Female
63.7,65.4,Female
63.4,65.7,Female
63.9,65.7,Female
63.2,65.4,Female
63.7,65.4,Female
63.8,65.9,Female
63.9,65.3,Female
63.3,65.2,Female
63.9,65.2,Female
63.5,65.6,Female
63.5,65.3,Female
63.1,65.3,Female
63.1,65.6,Female
63.8,65.5,Female
63.6,65.4,Female
63.2,65.3,Female
63.5,65.6,Female
63.3,65.3,Female
63.9,65,Female
63.9,65.6,Female
63.4,65.3,Female
63.5,65.7,Female
63.3,65.1,Female
63.2,65.2,Female
63.7,65.4,Female
63,65.2,Female
63,65.2,Female
64.1,65.3,Female
64.6,65.8,Female
64.7,65.9,Female
64,65,Female
64.2,65.8,Female
64.6,65.8,Female
64.6,65.6,Female
64.9,65.9,Female
64.6,65.8,Female
64.8,65.3,Female
64.1,65.2,Female
64.1,65.8,Female
64.7,65.4,Female
64.6,65.9,Female
64.9,65.8,Female
64.7,65.7,Female
64.8,65.5,Female
64.7,65.3,Female
64.8,65.3,Female
64.4,65.9,Female
64.8,65.5,Female
64.1,65.1,Female
64.3,65.7,Female
64.9,65.6,Female
64,65.7,Female
64.3,65.5,Female
65.6,65.9,Female
65.2,65.6,Female
65.2,65.5,Female
65.8,65.3,Female
65.8,65.5,Female
65.5,65.5,Female
65.7,65.3,Female
65.7,65.4,Female
65.2,65,Female
65.7,65.1,Female
65.1,65.2,Female
65.6,65.1,Female
65.6,65.5,Female
65.6,65.9,Female
65,65.6,Female
65.5,65.5,Female
66.2,65.1,Female
66.9,65.6,Female
66,65.3,Female
66,65,Female
66,65.4,Female
66.2,65.1,Female
66.4,65.4,Female
66.8,65.2,Female
66.9,65.6,Female
66.3,65.2,Female
66.6,65.9,Female
66.3,65.9,Female
67.7,65.2,Female
67.4,65.7,Female
67.9,65.3,Female
58.6,66.9,Female
59.3,66.3,Female
59,66.7,Female
59.8,66.9,Female
60.3,66.8,Female
60.9,66.9,Female
60.1,66.8,Female
60.3,66.5,Female
60.4,66.6,Female
60.7,66,Female
60.9,66.1,Female
60.9,66.2,Female
60.8,66.9,Female
60.6,66.3,Female
61.2,66.1,Female
61,66.8,Female
61,66.3,Female
61.8,66.5,Female
61.4,66.3,Female
61.7,66.1,Female
61.8,66.8,Female
61.6,66,Female
61.5,66.1,Female
61,66.4,Female
61.3,66.4,Female
61.9,66.6,Female
61.1,66.5,Female
61.7,66.9,Female
61.9,66.7,Female
62.7,66.5,Female
62.2,66.7,Female
62,66.3,Female
62.5,66,Female
62.8,66.6,Female
62.3,66.7,Female
62.2,66.8,Female
62.3,66.6,Female
62.1,66.5,Female
62.6,66.3,Female
62.1,66.3,Female
62.4,66.9,Female
62.3,66.7,Female
62.2,66.5,Female
62.9,66.3,Female
62.7,66,Female
62.1,66.7,Female
62.8,66.5,Female
62.7,66.5,Female
62.6,66.2,Female
62.2,66.5,Female
62.7,66.4,Female
62.9,66.4,Female
63.8,66.2,Female
63.1,66.6,Female
63.1,66.3,Female
63.7,66.7,Female
63,66.3,Female
63.5,66,Female
63.5,66.7,Female
63.8,66.4,Female
63.6,66.2,Female
63.8,66.2,Female
63.9,66,Female
63.4,66.1,Female
63.3,66.4,Female
63.1,66.4,Female
63.9,66.9,Female
63.7,66.7,Female
63,66,Female
63.2,66.3,Female
63.8,66.4,Female
63.5,66.8,Female
63.9,66,Female
63.3,66.2,Female
63.8,66.6,Female
63.4,66.7,Female
63.3,66.1,Female
63.5,66,Female
63,66.9,Female
63.5,66.6,Female
63.7,66,Female
64.8,66.9,Female
64.8,66,Female
64.8,66,Female
64.6,66.7,Female
64.1,66.1,Female
64.1,66.6,Female
64.3,66.7,Female
64.4,66.3,Female
64.3,66,Female
64.4,66.6,Female
64.8,66.8,Female
64.2,66.1,Female
64.6,66.6,Female
64.2,66.7,Female
64.6,66.2,Female
64.4,66,Female
64.6,66.8,Female
64.2,66.3,Female
64.3,66.7,Female
64.4,66.3,Female
64.9,66.1,Female
64.1,66.4,Female
65.7,66.3,Female
65,66,Female
65.8,66.8,Female
65.4,66.2,Female
65.9,66.4,Female
65.6,66.6,Female
65.1,66.3,Female
65.2,66,Female
65.9,66.8,Female
65.3,66.7,Female
65.1,66.5,Female
65.8,66.7,Female
65.1,66.5,Female
65.1,66.2,Female
65.2,66.9,Female
65.5,66,Female
66.8,66.4,Female
66.7,66.4,Female
66.1,66.4,Female
66.3,66,Female
66.7,66.6,Female
66.6,66.3,Female
66.7,66.5,Female
66.9,66,Female
66.6,66.7,Female
66.1,66.7,Female
66.2,66,Female
66.5,66.8,Female
66.3,66.2,Female
66.6,66.1,Female
66.8,66.2,Female
66.4,66.7,Female
67.3,66,Female
67.2,66.7,Female
67.9,66.8,Female
68.9,66.8,Female
68.2,66.5,Female
59.9,67.7,Female
59,67.6,Female
60.6,67.4,Female
60.4,67.3,Female
60.3,67.5,Female
60.6,67.9,Female
60.3,67.2,Female
60.8,67.9,Female
61.6,67.3,Female
61.4,67.8,Female
61,67.9,Female
61.2,67.6,Female
61.5,67.2,Female
61.5,67.9,Female
61.1,67.4,Female
61.6,67.5,Female
62.1,67.8,Female
62.6,67.8,Female
62.2,67.9,Female
62.4,67.6,Female
62.4,67.9,Female
62.9,67,Female
62.4,67.5,Female
62,67.4,Female
63.9,67,Female
63.6,67.1,Female
63.1,67.7,Female
63.8,67.4,Female
63,67.9,Female
63.7,67.5,Female
63,67.9,Female
63.8,67.1,Female
63.3,67.7,Female
63.7,67.2,Female
63.1,67.5,Female
63.2,67.9,Female
63,67,Female
63.1,67.6,Female
63.2,67.9,Female
64.2,67.8,Female
64.7,67.9,Female
64.5,67.4,Female
64.8,67,Female
64.9,67,Female
64.2,67.3,Female
64.6,67,Female
64.7,67.2,Female
64.2,67.8,Female
64.8,67.1,Female
64.2,67.7,Female
64.7,67.9,Female
64.1,67.9,Female
64.6,67.5,Female
65.6,67.8,Female
65.6,67,Female
65.9,67,Female
65.7,67.2,Female
65.7,67.9,Female
65.9,67.8,Female
65.1,67.9,Female
65.2,67,Female
65,67,Female
65.2,67.8,Female
65,67,Female
66.6,67,Female
66.7,67.5,Female
66.9,67.1,Female
66.5,67.7,Female
66.2,67.3,Female
66.7,67.3,Female
66.1,67.4,Female
66.4,67,Female
67,67.8,Female
67.1,67.8,Female
67.1,67.6,Female
67.5,67.1,Female
67.5,67.4,Female
68.7,67,Female
70.3,67.9,Female
61.9,68,Female
61.8,68.1,Female
62.3,68.6,Female
62.6,68.8,Female
62.7,68.7,Female
62.5,68.7,Female
62.7,68.8,Female
62.2,68.8,Female
63.2,68.4,Female
63.4,68.9,Female
63.2,68,Female
63.1,68.3,Female
63.7,68.9,Female
63.2,68.8,Female
64.4,68.4,Female
64.7,68.9,Female
64.8,68.9,Female
64.7,68.1,Female
64.8,68.1,Female
65.3,68.4,Female
65,68.3,Female
65.7,68.8,Female
65.8,68.7,Female
65.2,68.5,Female
65.6,68.3,Female
66,68.4,Female
66.7,68.5,Female
66.9,68.6,Female
67,68.5,Female
67.5,68.4,Female
67.2,68.8,Female
67.5,68.6,Female
67.8,68.9,Female
68.5,68.3,Female
69.8,68,Female
62.2,69.7,Female
63.1,69.3,Female
63.3,69.4,Female
64,69.6,Female
64.4,69.3,Female
64.2,69.9,Female
64.9,69.5,Female
64.4,69.3,Female
65.2,69.8,Female
65.9,69.6,Female
65.4,69.7,Female
66.2,69.1,Female
66,69.3,Female
66.4,69.2,Female
67.8,69.2,Female
68.5,69.7,Female
69.6,69.2,Female
62.5,70.9,Female
63.4,70.5,Female
64.9,70.9,Female
66.6,70,Female
67.2,70.8,Female
67.6,70,Female
68.3,70.8,Female
69.5,70.4,Female
69.1,70.1,Female
65,71.6,Female
66.3,71.4,Female
70.8,71,Female
63,73.1,Female
